<?xml version="1.0" encoding="utf-8"?>
<modification>
	<name>Rastreamento Correios</name>
	<code>Rastreametno COrreios</code>
	<version>1.1</version>
	<author>César Henrique</author>
	<link>http://www.mdemidia.com.br</link>

	<file path="catalog/view/theme/*/template/account/order_info.tpl">
		<operation>
			<search position="replace"><![CDATA[ <td class="text-left"><?php echo $history['comment']; ?></td>]]></search>
				<add><![CDATA[
					<?php if($history['status'] == 'Código de Rastreio'){?>
					<td class="text-left"><a href="http://www.mdemidia.com.br/rastreio/samples/webservice.php?code=<?php echo $history['comment']; ?>" target="_blank"><?php echo $history['comment']; ?></a></td>
					<?php } else { ?>
					<td class="text-left"><?php echo $history['comment']; ?></td>
					<?php } ?>
					]]>
				</add>
		</operation>
	</file>

	<file path="admin/view/template/sale/order_history.tpl">
		<operation>
			<search position="replace"><![CDATA[ <td class="text-left"><?php echo $history['comment']; ?></td>]]></search>
				<add><![CDATA[
					<?php if($history['status'] == 'Código de Rastreio'){ ?>
					<td class="text-left"><a href="http://www.mdemidia.com.br/rastreio/samples/webservice.php?code=<?php echo $history['comment']; ?>" target="_blank"><?php echo $history['comment']; ?></a></td>
					<?php } else { ?>
					<td class="text-left"><?php echo $history['comment']; ?></td>
					<?php } ?>
					]]>
				</add>
		</operation>
	</file>

	<file path="catalog/controller/account/order.php">
		<operation>
			<search position="replace"><![CDATA['comment' => $result['notify'] ? nl2br($result['comment']) : ' ']]></search>
				<add><![CDATA[
					'comment' => $result['notify'] ? nl2br($result['comment']) : nl2br($result['comment'])
					]]>
				</add>
		</operation>
	</file>

</modification>