﻿<?xml version="1.0" encoding="UTF-8"?><modification>  <name>Cielo WebService</name>  <code>cielow</code>  <version>2.14</version>  <author>OpenCart Brasil</author>  <link>http://www.opencartbrasil.com.br</link>  <file path="admin/controller/common/menu.php">	<operation>	  <search><![CDATA[return]]></search>	  <add position="before"><![CDATA[		$this->load->language('payment/cielow_menu');		$data['text_cielow'] = $this->language->get('text_cielow');		$data['text_cielow_search'] = $this->language->get('text_cielow_search');		$data['text_cielow_log_debug'] = $this->language->get('text_cielow_log_debug');		$data['cielow_search'] = $this->url->link('sale/cielow_search', 'token=' . $this->session->data['token'], true);		$data['cielow_log_debug'] = $this->url->link('sale/cielow_error_log', 'token=' . $this->session->data['token'], true);	  ]]></add>	</operation>  </file>  <file path="admin/view/template/common/menu.tpl">	<operation>	  <search><![CDATA[<li><a class="parent"><?php echo $text_paypal ?></a>]]></search>	  <add position="before"><![CDATA[      <li><a class="parent"><?php echo $text_cielow ?></a>        <ul>          <li><a href="<?php echo $cielow_search ?>"><?php echo $text_cielow_search ?></a></li>          <li><a href="<?php echo $cielow_log_debug ?>"><?php echo $text_cielow_log_debug ?></a></li>        </ul>      </li>	  ]]></add>	</operation>  </file></modification>