<?xml version="1.0" encoding="UTF-8"?><modification>  <name>Pacote de Modificações</name>  <code>pacote-de-modificacoes</code>  <version>1.0.0.1</version>  <author>Jardel Santos</author>  <link>http://www.bf2tecnologia.com.br</link>  <file path="admin/view/template/common/header.tpl">	<operation>	  <search><![CDATA[<img src="view/image/logo.png" alt="<?php echo $heading_title; ?>" title="<?php echo $heading_title; ?>" />]]></search>	  <add position="replace"><![CDATA[<img src="view/image/rupert5.png" alt="<?php echo $heading_title; ?>" title="<?php echo $heading_title; ?>" />]]></add>	</operation>	<operation>	  <search><![CDATA[<li class="dropdown-header"><?php echo $text_help; ?> <i class="fa fa-life-ring"></i></li>]]></search>	  <add position="after"><![CDATA[<li><a href="http://www.bf2tecnologia.com.br" target="_blank"><?php echo $text_homepage; ?></a></li>]]></add>	</operation>	<operation>	  <search><![CDATA[<li><a href="http://www.opencart.com" target="_blank"><?php echo $text_homepage; ?></a></li>]]></search>	  <add position="replace"><![CDATA[]]></add>	</operation>	<operation>	  <search><![CDATA[<li><a href="http://docs.opencart.com" target="_blank"><?php echo $text_documentation; ?></a></li>]]></search>	  <add position="replace"><![CDATA[]]></add>	</operation>	<operation>	  <search><![CDATA[<li><a href="http://forum.opencart.com" target="_blank"><?php echo $text_support; ?></a></li>]]></search>	  <add position="replace"><![CDATA[]]></add>	</operation>  </file>  <file path="admin/view/template/common/column_left.tpl">	<operation>	  <search><![CDATA[<?php echo $profile; ?>]]></search>	  <add position="replace"><![CDATA[]]></add>	</operation>  </file>  <file path="admin/language/*/common/footer.php">	<operation>	  <search><![CDATA[$_['text_footer'] 	= '<a href="http://www.opencart.com">OpenCart</a>]]></search>	  <add position="replace"><![CDATA[$_['text_footer'] 	= '<a href="http://www.bf2tecnologia.com.br">BF2 Tecnologia</a>]]></add>	</operation>  </file>  <file path="catalog/view/theme/default/template/common/footer.tpl">	<operation>		<search><![CDATA[OpenCart is open source software and you are free to remove the powered by OpenCart if you want, but its generally accepted practise to make a small donation.]]></search>		<add position="replace"><![CDATA[]]></add>	</operation>	<operation>		<search><![CDATA[Please donate via PayPal to donate@opencart.com]]></search>		<add position="replace"><![CDATA[]]></add>	</operation>	<operation>		<search><![CDATA[<!-- Theme created by Welford Media for OpenCart 2.0 www.welfordmedia.co.uk -->]]></search>		<add position="replace"><![CDATA[]]></add>	</operation>  </file>  <file path="catalog/language/*/common/footer.php">	<operation>		<search><![CDATA[<a href="http://www.opencart.com">OpenCart</a>]]></search>		<add position="replace"><![CDATA[<a href="http://www.bf2tecnologia.com.br">BF2 Tecnologia</a>]]></add>	</operation>  </file></modification>