<?xml version="1.0" encoding="UTF-8"?>
<modification>
  <name>Mapa de vendas no Brasil</name>
  <code>mapa-vendas-brasil</code>
  <version>1.1</version>
  <author>OpenCart Brasil</author>
  <link>http://www.opencartbrasil.com.br</link>
  <file path="admin/controller/common/dashboard.php">
	<operation>
	  <search><![CDATA[$data['map'] = $this->load->controller('dashboard/map');]]></search>
	  <add position="replace">
			<![CDATA[$data['map'] = $this->load->controller('dashboard/map_brazil');]]>
	  </add>
	</operation>
  </file>
</modification>
